1,"Hướng dẫn cách sử dụng đèn pin chiến thuật - Tactical Flashlight - cách tự vệ","Tại sao mọi người đàn ông cần mang một cây đèn pin?","images\\p1.jpg","Enabled","2017-10-06 17:46","2017-10-06 17:46"
2,"Trị liệu ACT - Bạn không phải là những ý nghĩ của bạn","3 nghi thức chánh niệm mang lại hạnh phúc","images\\p2.jpg","Enabled","2019-07-03 11:14","2019-07-03 11:14"
3,"[Sách dịch] Trị liệu Chấp nhận và Cam kết ACT (Chương 3)","Tình huống mà bạn đang lâm vào lúc này có thể có cảm giác giống như đang chơi trò kéo co với một con quái vật to lớn, xấu xí (dù bạn đang đương đầu với trầm cảm, lo âu, đau đớn thể xác, những ký ức buồn hay một số tình huống tiêu cực khác).","images\\p3.jpg","Enabled","2020-05-07 09:42","2020-05-07 09:42"
4,"[Sách dịch] Trị liệu Chấp nhận và Cam kết ACT (Chương 2.2)","","images\\p4.jpg","Enabled", "2020-07-05 09:42", "2020-07-05 09:42"
5,"[Sách dịch] Trị liệu Cam kết và Chấp nhận ACT (Chương 2.1)", "Tâm trí con người là gì? Tại sao chúng ta khác biệt với những con chim đang bay ngoài cửa sổ? Và tại sao chúng ta lại đau khổ?","images\\p5.jpg","Enabled","2020-05-07 09:42","2020-05-07 09:42"
6,"[Sách dịch] Trị liệu Chấp nhận và Cam kết ACT (Chương 4)","Nếu bạn không sẵn sàng đón nhận nó thì bạn sẽ phải nhận lãnh nó.","images\\p6.jpg","Enabled", "2020-05-07 13:39","2020-05-07 13:39"
7,"Trị liệu Cam kết và Chấp nhận ACT: Thoát ra khỏi tâm trí của bạn và Đi vào cuộc đời","Trị liệu ACT một phương thức trị liệu tâm lý mới, dựa trên cơ sở khoa học, là một phần của “làn sóng thứ ba” trong trị liệu hành vi và nhận thức.","images\\p7.jpg","Enabled","2020-05-07 13:41","2020-05-07 13:41"
8,"[Sách dịch] Trị liệu Cam kết và Chấp nhận ACT (Chương 1)","Khả năng tồn tại dai dẳng của nỗi đau tâm lý là một gánh nặng đầy thách thức mà tất cả chúng ta cần phải đối mặt. Nó giống như con voi trong phòng khách mà không ai nhắc đến.","images\\p8.jpg","Enabled","2020-05-07 13:41","2020-05-07 13:41"
9,"[Sách dịch] Trị liệu Chấp nhận và Cam kết ACT (Chương 7.2)", "","images\\p9.jpg","Enabled","2020-05-07 20:08","2020-05-07 20:08"
10,"[Sách dịch] Trị liệu Chấp nhận và Cam kết ACT (Chương 6.1)","Có một ý nghĩ VS. Tin vào một ý nghĩ","images\\p10.jpg","Enabled", "2020-05-07 20:08","2020-05-07 20:08"
11,"[Sách dịch] Trị liệu Chấp nhận và Cam kết ACT (Chương 6.2)","","images\\p11.jpg","Enabled", "2020-05-07 20:09","2020-05-07 20:09"
12,"[Sách dịch] Trị liệu Cam kết và Chấp nhận ACT (Chương 5.1)","Trong chương này, bạn sẽ bắt đầu khám phá những cách thức mà tâm trí bạn sản sinh ra các ý nghĩ.","images\\p12.jpg","Enabled","2020-05-07 20:09","2020-05-07 20:09"
13,"[Sách dịch] Trị liệu Cam kết và Chấp nhận ACT (Chương 5.2)","","images\\p13.jpg","Enabled","2020-05-07 20:09","2020-05-07 20:09"